{
  "categories": [
    {
      "id": 0,
      "name": "100_speed"
    },
    {
      "id": 1,
      "name": "20_speed"
    },
    {
      "id": 2,
      "name": "60_speed"
    },
    {
      "id": 3,
      "name": "80_lifted"
    },
    {
      "id": 4,
      "name": "attention_bottleneck"
    },
    {
      "id": 5,
      "name": "attention_bumpers"
    },
    {
      "id": 6,
      "name": "attention_children"
    },
    {
      "id": 7,
      "name": "attention_curvy"
    },
    {
      "id": 8,
      "name": "attention_deer"
    },
    {
      "id": 9,
      "name": "attention_left_turn"
    },
    {
      "id": 10,
      "name": "attention_pedestrian"
    },
    {
      "id": 11,
      "name": "attention_right_turn"
    },
    {
      "id": 12,
      "name": "attention_slippery"
    },
    {
      "id": 13,
      "name": "lifted_no_overtaking_general"
    },
    {
      "id": 14,
      "name": "no_way_general"
    },
    {
      "id": 15,
      "name": "no_way_trucks"
    },
    {
      "id": 16,
      "name": "stop"
    },
    {
      "id": 17,
      "name": "turn_left"
    },
    {
      "id": 18,
      "name": "turn_right"
    },
    {
      "id": 19,
      "name": "turn_straight_left"
    },
    {
      "id": 20,
      "name": "turn_straight_right"
    }
  ],
  "info": {
    "year": 2025,
    "version": "1.0",
    "contributor": "Label Studio"
  }
}